"","Year","Site","Month","sum_Total","sum_Female","sum_Male","sum_Juv","cpue_Total","cpue_Male","cpue_Female","cpue_Juv","Contamination"
"1",2002,"DC","May",10,3,7,0,5,3.5,1.5,0,"Low Contamination"
"2",2002,"DC","June",49,19,28,2,6.125,3.5,2.375,0.25,"Low Contamination"
"3",2002,"DC","July",74,30,39,5,9.25,4.875,3.75,0.625,"Low Contamination"
"4",2002,"DC","August",64,26,38,0,7.11111111111111,4.22222222222222,2.88888888888889,0,"Low Contamination"
"5",2002,"DC","September",63,23,40,0,7.875,5,2.875,0,"Low Contamination"
"6",2002,"DC","October",101,27,74,0,11.2222222222222,8.22222222222222,3,0,"Low Contamination"
"7",2002,"FP","May",31,2,29,0,15.5,14.5,1,0,"Low Contamination"
"8",2002,"FP","June",57,14,39,4,7.125,4.875,1.75,0.5,"Low Contamination"
"9",2002,"FP","July",139,49,83,7,19.8571428571429,11.8571428571429,7,1,"Low Contamination"
"10",2002,"FP","August",98,32,66,0,9.8,6.6,3.2,0,"Low Contamination"
"11",2002,"FP","September",48,13,35,0,6.85714285714286,5,1.85714285714286,0,"Low Contamination"
"12",2002,"FP","October",43,8,35,0,4.77777777777778,3.88888888888889,0.888888888888889,0,"Low Contamination"
"13",2002,"GC","May",13,4,7,2,6.5,3.5,2,1,"Low Contamination"
"14",2002,"GC","June",29,11,15,3,3.625,1.875,1.375,0.375,"Low Contamination"
"15",2002,"GC","July",73,24,45,4,9.125,5.625,3,0.5,"Low Contamination"
"16",2002,"GC","August",36,19,17,0,4,1.88888888888889,2.11111111111111,0,"Low Contamination"
"17",2002,"GC","September",11,6,5,0,1.57142857142857,0.714285714285714,0.857142857142857,0,"Low Contamination"
"18",2002,"GC","October",2,0,1,1,0.4,0.2,0,0.2,"Low Contamination"
"19",2002,"LS","May",11,4,6,1,5.5,3,2,0.5,"Low Contamination"
"20",2002,"LS","June",20,2,16,2,2.5,2,0.25,0.25,"Low Contamination"
"21",2002,"LS","July",22,9,10,3,2.75,1.25,1.125,0.375,"Low Contamination"
"22",2002,"LS","August",63,19,38,6,7,4.22222222222222,2.11111111111111,0.666666666666667,"Low Contamination"
"23",2002,"LS","September",61,24,37,0,7.625,4.625,3,0,"Low Contamination"
"24",2002,"LS","October",108,30,78,0,10.8,7.8,3,0,"Low Contamination"
"25",2003,"DC","May",8,2,6,0,4,3,1,0,"Low Contamination"
"26",2003,"DC","June",11,5,6,0,5.5,3,2.5,0,"Low Contamination"
"27",2003,"DC","July",3,1,2,0,1.5,1,0.5,0,"Low Contamination"
"28",2003,"DC","August",14,1,13,0,7,6.5,0.5,0,"Low Contamination"
"29",2003,"DC","September",10,0,10,0,5,5,0,0,"Low Contamination"
"30",2003,"DC","October",23,4,15,4,5.75,3.75,1,1,"Low Contamination"
"32",2003,"FP","May",7,1,6,0,7,6,1,0,"Low Contamination"
"33",2003,"FP","June",23,5,18,0,11.5,9,2.5,0,"Low Contamination"
"34",2003,"FP","July",13,2,11,0,6.5,5.5,1,0,"Low Contamination"
"35",2003,"FP","August",10,1,7,2,5,3.5,0.5,1,"Low Contamination"
"36",2003,"FP","September",2,0,2,0,2,2,0,0,"Low Contamination"
"37",2003,"FP","October",37,5,32,0,9.25,8,1.25,0,"Low Contamination"
"39",2003,"GC","May",7,2,5,0,3.5,2.5,1,0,"Low Contamination"
"40",2003,"GC","June",6,4,2,0,3,1,2,0,"Low Contamination"
"41",2003,"GC","July",14,8,6,0,7,3,4,0,"Low Contamination"
"42",2003,"GC","September",0,0,0,0,0,0,0,0,"Low Contamination"
"43",2003,"GC","October",6,2,4,0,2,1.33333333333333,0.666666666666667,0,"Low Contamination"
"45",2003,"LS","May",10,6,4,0,10,4,6,0,"Low Contamination"
"46",2003,"LS","June",24,11,13,0,12,6.5,5.5,0,"Low Contamination"
"47",2003,"LS","July",12,3,8,1,6,4,1.5,0.5,"Low Contamination"
"48",2003,"LS","August",14,3,11,0,7,5.5,1.5,0,"Low Contamination"
"49",2003,"LS","September",16,2,13,1,8,6.5,1,0.5,"Low Contamination"
"50",2003,"LS","October",14,2,12,0,3.5,3,0.5,0,"Low Contamination"
"52",2004,"DC","May",13,8,5,0,3.25,1.25,2,0,"Low Contamination"
"53",2004,"DC","June",41,22,14,5,10.25,3.5,5.5,1.25,"Low Contamination"
"54",2004,"DC","July",15,7,7,1,3.75,1.75,1.75,0.25,"Low Contamination"
"55",2004,"DC","August",20,9,10,1,6.66666666666667,3.33333333333333,3,0.333333333333333,"Low Contamination"
"56",2004,"DC","September",47,18,28,1,11.75,7,4.5,0.25,"Low Contamination"
"57",2004,"DC","October",21,8,13,0,5.25,3.25,2,0,"Low Contamination"
"58",2004,"FP","May",38,18,20,0,9.5,5,4.5,0,"Low Contamination"
"59",2004,"FP","June",25,7,17,1,8.33333333333333,5.66666666666667,2.33333333333333,0.333333333333333,"Low Contamination"
"60",2004,"FP","July",23,14,5,4,5.75,1.25,3.5,1,"Low Contamination"
"61",2004,"FP","August",23,3,14,6,7.66666666666667,4.66666666666667,1,2,"Low Contamination"
"62",2004,"FP","September",26,7,14,5,6.5,3.5,1.75,1.25,"Low Contamination"
"63",2004,"FP","October",29,8,20,1,7.25,5,2,0.25,"Low Contamination"
"64",2004,"GC","May",13,7,4,2,4.33333333333333,1.33333333333333,2.33333333333333,0.666666666666667,"Low Contamination"
"65",2004,"GC","June",9,4,5,0,4.5,2.5,2,0,"Low Contamination"
"66",2004,"GC","July",11,6,4,1,3.66666666666667,1.33333333333333,2,0.333333333333333,"Low Contamination"
"67",2004,"GC","August",1,1,0,0,0.333333333333333,0,0.333333333333333,0,"Low Contamination"
"68",2004,"GC","September",56,31,23,2,14,5.75,7.75,0.5,"Low Contamination"
"69",2004,"GC","October",20,9,10,1,5,2.5,2.25,0.25,"Low Contamination"
"70",2004,"LS","May",17,2,9,6,4.25,2.25,0.5,1.5,"Low Contamination"
"71",2004,"LS","June",9,2,7,0,3,2.33333333333333,0.666666666666667,0,"Low Contamination"
"72",2004,"LS","July",7,2,1,4,1.75,0.25,0.5,1,"Low Contamination"
"73",2004,"LS","August",10,3,6,1,2.5,1.5,0.75,0.25,"Low Contamination"
"74",2004,"LS","September",22,9,13,0,5.5,3.25,2.25,0,"Low Contamination"
"75",2004,"LS","October",25,8,15,2,6.25,3.75,2,0.5,"Low Contamination"
"77",2005,"DC","May",64,29,34,1,10.6666666666667,5.66666666666667,4.83333333333333,0.166666666666667,"Low Contamination"
"78",2005,"DC","June",30,11,18,1,7.5,4.5,2.75,0.25,"Low Contamination"
"79",2005,"DC","July",30,11,17,2,3.75,2.125,1.375,0.25,"Low Contamination"
"80",2005,"DC","August",44,7,37,0,3.38461538461538,2.84615384615385,0.538461538461538,0,"Low Contamination"
"81",2005,"DC","September",33,3,30,0,2.2,2,0.2,0,"Low Contamination"
"82",2005,"DC","October",27,5,21,1,3.375,2.625,0.625,0.125,"Low Contamination"
"84",2005,"FP","May",24,10,14,0,4,2.33333333333333,1.66666666666667,0,"Low Contamination"
"85",2005,"FP","June",44,16,21,7,3.66666666666667,1.75,1.33333333333333,0.583333333333333,"Low Contamination"
"86",2005,"FP","July",37,14,23,0,3.7,2.3,1.4,0,"Low Contamination"
"87",2005,"FP","August",55,9,44,2,3.92857142857143,3.14285714285714,0.642857142857143,0.142857142857143,"Low Contamination"
"88",2005,"FP","September",38,18,17,3,3.8,1.7,1.8,0.3,"Low Contamination"
"89",2005,"FP","October",17,5,12,0,5.66666666666667,4,1.66666666666667,0,"Low Contamination"
"91",2005,"GC","May",33,14,17,2,6.6,3.4,2.8,0.4,"Low Contamination"
"92",2005,"GC","June",21,8,10,3,3.5,1.66666666666667,1.33333333333333,0.5,"Low Contamination"
"93",2005,"GC","July",23,6,17,0,0.92,0.68,0.24,0,"Low Contamination"
"94",2005,"GC","August",4,0,4,0,0.285714285714286,0.285714285714286,0,0,"Low Contamination"
"95",2005,"GC","September",1,0,0,1,0.0625,0,0,0.0625,"Low Contamination"
"96",2005,"GC","October",31,2,29,0,3.44444444444444,3.22222222222222,0.222222222222222,0,"Low Contamination"
"98",2005,"LS","May",22,11,9,2,4.4,1.8,2.2,0.4,"Low Contamination"
"99",2005,"LS","June",44,16,27,1,3.66666666666667,2.25,1.33333333333333,0.0833333333333333,"Low Contamination"
"100",2005,"LS","July",41,12,29,0,3.15384615384615,2.23076923076923,0.923076923076923,0,"Low Contamination"
"101",2005,"LS","August",74,9,64,1,5.28571428571429,4.57142857142857,0.642857142857143,0.0714285714285714,"Low Contamination"
"102",2005,"LS","September",68,13,55,0,5.66666666666667,4.58333333333333,1.08333333333333,0,"Low Contamination"
"103",2005,"LS","October",54,12,42,0,7.71428571428571,6,1.71428571428571,0,"Low Contamination"
"104",2006,"DC","May",53,12,40,1,4.81818181818182,3.63636363636364,1.09090909090909,0.0909090909090909,"Low Contamination"
"105",2006,"DC","June",37,7,30,0,4.625,3.75,0.875,0,"Low Contamination"
"106",2006,"DC","July",30,10,18,2,4.28571428571429,2.57142857142857,1.42857142857143,0.285714285714286,"Low Contamination"
"107",2006,"DC","August",26,4,21,1,3.71428571428571,3,0.571428571428571,0.142857142857143,"Low Contamination"
"108",2006,"DC","September",43,11,32,0,5.375,4,1.375,0,"Low Contamination"
"109",2006,"DC","October",51,12,39,0,6.375,4.875,1.5,0,"Low Contamination"
"110",2006,"FP","May",28,12,16,0,2.33333333333333,1.33333333333333,1,0,"Low Contamination"
"111",2006,"FP","June",16,9,7,0,2.28571428571429,1,1.28571428571429,0,"Low Contamination"
"112",2006,"FP","July",36,16,18,2,5.14285714285714,2.57142857142857,2.28571428571429,0.285714285714286,"Low Contamination"
"113",2006,"FP","August",48,12,31,5,6,3.875,1.5,0.625,"Low Contamination"
"114",2006,"FP","September",21,4,16,1,2.625,2,0.5,0.125,"Low Contamination"
"115",2006,"FP","October",39,11,28,0,4.875,3.5,1.375,0,"Low Contamination"
"116",2006,"GC","May",34,11,21,2,3.09090909090909,1.90909090909091,1,0.181818181818182,"Low Contamination"
"117",2006,"GC","June",12,4,8,0,1.5,1,0.5,0,"Low Contamination"
"118",2006,"GC","July",9,1,8,0,1.125,1,0.125,0,"Low Contamination"
"119",2006,"GC","August",11,6,5,0,1.375,0.625,0.75,0,"Low Contamination"
"120",2006,"GC","September",10,0,9,1,1.25,1.125,0,0.125,"Low Contamination"
"121",2006,"GC","October",10,2,8,0,1.25,1,0.25,0,"Low Contamination"
"122",2006,"LS","May",63,20,42,1,5.25,3.5,1.66666666666667,0.0833333333333333,"Low Contamination"
"123",2006,"LS","June",31,7,24,0,3.875,3,0.875,0,"Low Contamination"
"124",2006,"LS","July",45,14,31,0,5.625,3.875,1.75,0,"Low Contamination"
"125",2006,"LS","August",35,5,23,7,4.375,2.875,0.625,0.875,"Low Contamination"
"126",2006,"LS","September",40,14,26,0,5,3.25,1.75,0,"Low Contamination"
"127",2006,"LS","October",87,38,47,2,10.875,5.875,4.75,0.25,"Low Contamination"
"128",2006,"P27","July",1,1,0,0,0.25,0,0.25,0,"High Contamination"
"129",2006,"P27","August",15,5,9,0,2.14285714285714,1.28571428571429,0.714285714285714,0,"High Contamination"
"130",2006,"SI","June",43,23,19,1,10.75,4.75,5.75,0.25,"High Contamination"
"131",2006,"SI","July",37,19,18,0,9.25,4.5,4.75,0,"High Contamination"
"132",2006,"SI","August",0,0,0,0,0,0,0,0,"High Contamination"
"133",2006,"SI","October",4,3,1,0,1,0.25,0.75,0,"High Contamination"
"135",2007,"DC","May",21,7,14,0,2.625,1.75,0.875,0,"Low Contamination"
"136",2007,"DC","June",37,13,24,0,5.28571428571429,3.42857142857143,1.85714285714286,0,"Low Contamination"
"137",2007,"DC","July",21,6,14,1,2.625,1.75,0.75,0.125,"Low Contamination"
"138",2007,"DC","August",31,9,21,1,2.81818181818182,1.90909090909091,0.818181818181818,0.0909090909090909,"Low Contamination"
"139",2007,"DC","September",53,15,34,4,6.625,4.25,1.875,0.5,"Low Contamination"
"140",2007,"DC","October",37,7,9,21,5.28571428571429,1.28571428571429,1,3,"Low Contamination"
"142",2007,"FP","May",19,2,17,0,2.375,2.125,0.25,0,"Low Contamination"
"143",2007,"FP","June",15,5,10,0,1.875,1.25,0.625,0,"Low Contamination"
"144",2007,"FP","July",33,9,13,11,4.125,1.625,1.125,1.375,"Low Contamination"
"145",2007,"FP","August",36,14,17,5,3,1.41666666666667,1.16666666666667,0.416666666666667,"Low Contamination"
"146",2007,"FP","September",55,16,37,2,7.85714285714286,5.28571428571429,2.28571428571429,0.285714285714286,"Low Contamination"
"147",2007,"FP","October",4,1,3,0,2,1.5,0.5,0,"Low Contamination"
"149",2007,"GC","May",10,7,2,1,1.25,0.25,0.875,0.125,"Low Contamination"
"150",2007,"GC","June",9,4,5,0,1.5,0.833333333333333,0.666666666666667,0,"Low Contamination"
"151",2007,"GC","July",11,5,6,0,1.375,0.75,0.625,0,"Low Contamination"
"152",2007,"GC","August",9,3,6,0,0.9,0.6,0.3,0,"Low Contamination"
"153",2007,"GC","September",1,0,1,0,0.142857142857143,0.142857142857143,0,0,"Low Contamination"
"154",2007,"GC","October",0,0,0,0,0,0,0,0,"Low Contamination"
"156",2007,"LS","May",13,3,8,2,1.625,1,0.375,0.25,"Low Contamination"
"157",2007,"LS","June",34,17,17,0,4.25,2.125,2.125,0,"Low Contamination"
"158",2007,"LS","July",31,7,21,3,3.875,2.625,0.875,0.375,"Low Contamination"
"159",2007,"LS","August",39,4,34,1,3.54545454545455,3.09090909090909,0.363636363636364,0.0909090909090909,"Low Contamination"
"160",2007,"LS","September",49,12,35,2,6.125,4.375,1.5,0.25,"Low Contamination"
"161",2007,"LS","October",31,4,27,0,3.875,3.375,0.5,0,"Low Contamination"
"163",2007,"P27","May",21,7,13,1,4.2,2.6,1.4,0.2,"High Contamination"
"164",2007,"P27","June",15,10,5,0,3.75,1.25,2.5,0,"High Contamination"
"165",2007,"P27","July",52,23,28,1,6.5,3.5,2.875,0.125,"High Contamination"
"166",2007,"P27","August",90,35,52,3,8.18181818181818,4.72727272727273,3.18181818181818,0.272727272727273,"High Contamination"
"167",2007,"P27","September",41,12,26,3,10.25,6.5,3,0.75,"High Contamination"
"168",2007,"P27","October",51,12,32,7,7.28571428571429,4.57142857142857,1.71428571428571,1,"High Contamination"
"170",2007,"SI","May",66,40,26,0,8.25,3.25,5,0,"High Contamination"
"171",2007,"SI","June",4,2,2,0,1,0.5,0.5,0,"High Contamination"
"172",2007,"SI","July",31,9,21,1,3.875,2.625,1.125,0.125,"High Contamination"
"173",2007,"SI","August",17,7,10,0,1.41666666666667,0.833333333333333,0.583333333333333,0,"High Contamination"
"174",2007,"SI","September",14,7,7,0,1.75,0.875,0.875,0,"High Contamination"
"175",2007,"SI","October",39,24,14,1,7.8,2.8,4.8,0.2,"High Contamination"
"177",2008,"DC","May",8,2,6,0,2,1.5,0.5,0,"Low Contamination"
"178",2008,"DC","June",19,9,9,1,6.33333333333333,3,3,0.333333333333333,"Low Contamination"
"179",2008,"DC","July",33,9,24,0,4.125,3,1.125,0,"Low Contamination"
"180",2008,"DC","August",17,4,13,0,2.125,1.625,0.5,0,"Low Contamination"
"181",2008,"DC","September",25,6,18,1,3.125,2.25,0.75,0.125,"Low Contamination"
"182",2008,"DC","October",15,5,8,2,2.14285714285714,1.14285714285714,0.714285714285714,0.285714285714286,"Low Contamination"
"184",2008,"FP","May",18,8,9,1,4.5,2.25,2,0.25,"Low Contamination"
"185",2008,"FP","June",22,6,14,2,5.5,3.5,1.5,0.5,"Low Contamination"
"186",2008,"FP","July",9,5,4,0,1.125,0.5,0.625,0,"Low Contamination"
"187",2008,"FP","August",12,2,10,0,1.71428571428571,1.42857142857143,0.285714285714286,0,"Low Contamination"
"188",2008,"FP","September",1,0,1,0,0.125,0.125,0,0,"Low Contamination"
"189",2008,"FP","October",4,0,4,0,0.666666666666667,0.666666666666667,0,0,"Low Contamination"
"191",2008,"GC","May",6,1,5,0,1.5,1.25,0.25,0,"Low Contamination"
"192",2008,"GC","June",0,0,0,0,0,0,0,0,"Low Contamination"
"193",2008,"GC","July",1,0,1,0,0.125,0.125,0,0,"Low Contamination"
"194",2008,"GC","August",0,0,0,0,0,0,0,0,"Low Contamination"
"195",2008,"GC","September",5,0,5,0,0.625,0.625,0,0,"Low Contamination"
"196",2008,"GC","October",8,3,5,0,1,0.625,0.375,0,"Low Contamination"
"198",2008,"LS","May",10,6,4,0,5,2,3,0,"Low Contamination"
"199",2008,"LS","June",26,9,16,1,6.5,4,2.25,0.25,"Low Contamination"
"200",2008,"LS","July",19,4,13,2,2.375,1.625,0.5,0.25,"Low Contamination"
"201",2008,"LS","August",27,4,19,4,3.375,2.375,0.5,0.5,"Low Contamination"
"202",2008,"LS","September",16,4,11,1,2,1.375,0.5,0.125,"Low Contamination"
"203",2008,"LS","October",10,2,8,0,1.25,1,0.25,0,"Low Contamination"
"205",2008,"P27","May",13,1,12,0,4.33333333333333,4,0.333333333333333,0,"High Contamination"
"206",2008,"P27","July",38,14,24,0,3.16666666666667,2,1.16666666666667,0,"High Contamination"
"207",2008,"P27","August",17,0,17,0,2.125,2.125,0,0,"High Contamination"
"208",2008,"P27","September",6,1,5,0,0.75,0.625,0.125,0,"High Contamination"
"209",2008,"P27","October",7,0,7,0,0.875,0.875,0,0,"High Contamination"
"211",2008,"SI","May",20,14,5,1,5,1.25,3.5,0.25,"High Contamination"
"212",2008,"SI","June",29,16,13,0,7.25,3.25,4,0,"High Contamination"
"213",2008,"SI","July",35,13,21,1,4.375,2.625,1.625,0.125,"High Contamination"
"214",2008,"SI","August",16,1,14,1,2,1.75,0.125,0.125,"High Contamination"
"215",2008,"SI","September",2,1,1,0,0.25,0.125,0.125,0,"High Contamination"
"216",2008,"SI","October",14,6,8,0,1.75,1,0.75,0,"High Contamination"
"217",2009,"DC","May",4,2,2,0,1.33333333333333,0.666666666666667,0.666666666666667,0,"Low Contamination"
"218",2009,"DC","June",19,6,13,0,4.75,3.25,1.5,0,"Low Contamination"
"219",2009,"DC","July",15,7,8,0,3.75,2,1.75,0,"Low Contamination"
"220",2009,"DC","August",31,15,16,0,3.44444444444444,1.77777777777778,1.66666666666667,0,"Low Contamination"
"221",2009,"DC","September",4,1,3,0,1.33333333333333,1,0.333333333333333,0,"Low Contamination"
"222",2009,"FP","May",4,1,3,0,1,0.75,0.25,0,"Low Contamination"
"223",2009,"FP","June",17,3,12,2,4.25,3,0.75,0.5,"Low Contamination"
"224",2009,"FP","July",16,8,8,0,4,2,2,0,"Low Contamination"
"225",2009,"FP","August",8,2,6,0,1,0.75,0.25,0,"Low Contamination"
"226",2009,"FP","September",8,5,3,0,2,0.75,1.25,0,"Low Contamination"
"227",2009,"GC","May",2,0,2,0,1,1,0,0,"Low Contamination"
"228",2009,"GC","June",6,4,2,0,1.5,0.5,1,0,"Low Contamination"
"229",2009,"GC","July",4,3,1,0,1,0.25,0.75,0,"Low Contamination"
"230",2009,"GC","August",7,3,4,0,0.875,0.5,0.375,0,"Low Contamination"
"231",2009,"GC","September",4,0,4,0,1,1,0,0,"Low Contamination"
"232",2009,"LS","May",25,7,18,0,6.25,4.5,1.75,0,"Low Contamination"
"233",2009,"LS","June",13,6,7,0,3.25,1.75,1.5,0,"Low Contamination"
"234",2009,"LS","July",25,9,16,0,6.25,4,2.25,0,"Low Contamination"
"235",2009,"LS","August",29,11,18,0,4.14285714285714,2.57142857142857,1.57142857142857,0,"Low Contamination"
"236",2009,"LS","September",16,7,9,0,4,2.25,1.75,0,"Low Contamination"
"237",2010,"DC","May",17,3,7,7,4.25,1.75,0.75,1.75,"Low Contamination"
"238",2010,"DC","June",5,3,0,2,1.25,0,0.75,0.5,"Low Contamination"
"239",2010,"DC","July",27,7,20,0,5.4,4,1.4,0,"Low Contamination"
"240",2010,"DC","August",9,0,9,0,1.125,1.125,0,0,"Low Contamination"
"241",2010,"DC","September",3,0,3,0,0.75,0.75,0,0,"Low Contamination"
"242",2010,"DC","October",3,1,2,0,0.375,0.25,0.125,0,"Low Contamination"
"244",2010,"FP","May",21,2,16,3,5.25,4,0.5,0.75,"Low Contamination"
"245",2010,"FP","June",10,5,4,1,2.5,1,1.25,0.25,"Low Contamination"
"246",2010,"FP","July",49,9,27,13,6.125,3.375,1.125,1.625,"Low Contamination"
"247",2010,"FP","August",29,7,22,0,4.14285714285714,3.14285714285714,1,0,"Low Contamination"
"248",2010,"FP","September",21,1,18,2,5.25,4.5,0.25,0.5,"Low Contamination"
"249",2010,"FP","October",59,17,38,4,7.375,4.75,2.125,0.5,"Low Contamination"
"251",2010,"GC","May",0,0,0,0,0,0,0,0,"Low Contamination"
"252",2010,"GC","June",0,0,0,0,0,0,0,0,"Low Contamination"
"253",2010,"GC","July",8,1,7,0,1,0.875,0.125,0,"Low Contamination"
"254",2010,"GC","August",9,2,7,0,1.125,0.875,0.25,0,"Low Contamination"
"255",2010,"GC","September",4,0,4,0,1,1,0,0,"Low Contamination"
"256",2010,"GC","October",15,3,12,0,1.875,1.5,0.375,0,"Low Contamination"
"258",2010,"LS","May",19,3,14,2,4.75,3.5,0.75,0.5,"Low Contamination"
"259",2010,"LS","June",58,21,35,2,14.5,8.75,5.25,0.5,"Low Contamination"
"260",2010,"LS","July",28,10,17,1,4,2.42857142857143,1.42857142857143,0.142857142857143,"Low Contamination"
"261",2010,"LS","August",40,8,32,0,5,4,1,0,"Low Contamination"
"262",2010,"LS","September",20,5,15,0,5,3.75,1.25,0,"Low Contamination"
"263",2010,"LS","October",93,22,67,4,11.625,8.375,2.75,0.5,"Low Contamination"
"265",2010,"P27","May",19,6,7,6,4.75,1.75,1.5,1.5,"High Contamination"
"266",2010,"P27","June",20,7,13,0,5,3.25,1.75,0,"High Contamination"
"267",2010,"P27","July",68,20,34,14,8.5,4.25,2.5,1.75,"High Contamination"
"268",2010,"P27","August",109,29,74,6,13.625,9.25,3.625,0.75,"High Contamination"
"269",2010,"P27","September",42,2,32,8,10.5,8,0.5,2,"High Contamination"
"270",2010,"P27","October",39,4,32,3,4.875,4,0.5,0.375,"High Contamination"
"272",2010,"SI","May",40,11,24,5,10,6,2.75,1.25,"High Contamination"
"273",2010,"SI","June",26,15,9,2,6.5,2.25,3.75,0.5,"High Contamination"
"274",2010,"SI","July",10,2,5,3,1.25,0.625,0.25,0.375,"High Contamination"
"275",2010,"SI","August",13,4,7,2,1.625,0.875,0.5,0.25,"High Contamination"
"276",2010,"SI","September",9,2,7,0,2.25,1.75,0.5,0,"High Contamination"
"277",2010,"SI","October",41,24,17,0,5.125,2.125,3,0,"High Contamination"
"279",2011,"DC","May",16,5,11,0,1.6,1.1,0.5,0,"Low Contamination"
"280",2011,"DC","June",40,15,25,0,5.71428571428571,3.57142857142857,2.14285714285714,0,"Low Contamination"
"281",2011,"DC","July",39,23,16,0,4.875,2,2.875,0,"Low Contamination"
"282",2011,"DC","August",21,4,17,0,2.625,2.125,0.5,0,"Low Contamination"
"283",2011,"DC","September",21,6,14,1,3.5,2.33333333333333,1,0.166666666666667,"Low Contamination"
"284",2011,"DC","October",21,12,9,0,2.625,1.125,1.5,0,"Low Contamination"
"286",2011,"FP","May",25,5,19,1,2.08333333333333,1.58333333333333,0.416666666666667,0.0833333333333333,"Low Contamination"
"287",2011,"FP","June",33,10,18,5,4.125,2.25,1.25,0.625,"Low Contamination"
"288",2011,"FP","July",31,13,13,5,4.42857142857143,1.85714285714286,1.85714285714286,0.714285714285714,"Low Contamination"
"289",2011,"FP","August",55,24,30,1,6.875,3.75,3,0.125,"Low Contamination"
"290",2011,"FP","September",68,20,47,1,8.5,5.875,2.5,0.125,"Low Contamination"
"291",2011,"FP","October",20,8,10,2,5,2.5,2,0.5,"Low Contamination"
"292",2011,"GC","May",6,0,4,2,0.5,0.333333333333333,0,0.166666666666667,"Low Contamination"
"293",2011,"GC","June",9,3,6,0,1.5,1,0.5,0,"Low Contamination"
"294",2011,"GC","July",1,1,0,0,0.125,0,0.125,0,"Low Contamination"
"295",2011,"GC","August",1,0,1,0,0.125,0.125,0,0,"Low Contamination"
"296",2011,"GC","September",8,3,5,0,1,0.625,0.375,0,"Low Contamination"
"297",2011,"GC","October",4,1,2,1,0.666666666666667,0.333333333333333,0.166666666666667,0.166666666666667,"Low Contamination"
"299",2011,"LS","May",48,16,31,1,4,2.58333333333333,1.33333333333333,0.0833333333333333,"Low Contamination"
"300",2011,"LS","June",67,17,48,2,8.375,6,2.125,0.25,"Low Contamination"
"301",2011,"LS","July",28,10,18,0,3.5,2.25,1.25,0,"Low Contamination"
"302",2011,"LS","August",37,8,29,0,4.625,3.625,1,0,"Low Contamination"
"303",2011,"LS","September",60,13,47,0,7.5,5.875,1.625,0,"Low Contamination"
"304",2011,"LS","October",27,9,18,0,3.375,2.25,1.125,0,"Low Contamination"
"306",2011,"P27","May",12,5,7,0,1.5,0.875,0.625,0,"High Contamination"
"307",2011,"P27","June",15,9,6,0,2.5,1,1.5,0,"High Contamination"
"308",2011,"P27","July",48,28,20,0,6,2.5,3.5,0,"High Contamination"
"309",2011,"P27","August",94,37,53,4,11.75,6.625,4.625,0.5,"High Contamination"
"310",2011,"P27","September",50,10,40,0,7.14285714285714,5.71428571428571,1.42857142857143,0,"High Contamination"
"311",2011,"P27","October",36,12,24,0,9,6,3,0,"High Contamination"
"313",2011,"SI","May",123,49,71,3,10.25,5.91666666666667,4.08333333333333,0.25,"High Contamination"
"314",2011,"SI","June",93,35,57,1,11.625,7.125,4.375,0.125,"High Contamination"
"315",2011,"SI","July",70,32,38,0,8.75,4.75,4,0,"High Contamination"
"316",2011,"SI","August",61,34,27,0,7.625,3.375,4.25,0,"High Contamination"
"317",2011,"SI","September",23,9,14,0,2.875,1.75,1.125,0,"High Contamination"
"318",2011,"SI","October",18,7,11,0,2.25,1.375,0.875,0,"High Contamination"
"321",2012,"DC","May",30,12,17,1,3.75,2.125,1.5,0.125,"Low Contamination"
"322",2012,"DC","June",60,26,34,0,7.5,4.25,3.25,0,"Low Contamination"
"323",2012,"DC","July",31,10,21,0,3.875,2.625,1.25,0,"Low Contamination"
"324",2012,"DC","August",6,3,3,0,0.857142857142857,0.428571428571429,0.428571428571429,0,"Low Contamination"
"325",2012,"DC","September",4,2,2,0,0.5,0.25,0.25,0,"Low Contamination"
"326",2012,"DC","October",5,4,1,0,0.714285714285714,0.142857142857143,0.571428571428571,0,"Low Contamination"
"328",2012,"FP","May",37,16,28,0,4.625,3.5,2,0,"Low Contamination"
"329",2012,"FP","June",5,3,2,0,0.625,0.25,0.375,0,"Low Contamination"
"330",2012,"FP","July",48,18,30,0,6,3.75,2.25,0,"Low Contamination"
"331",2012,"FP","August",29,9,20,0,3.625,2.5,1.125,0,"Low Contamination"
"332",2012,"FP","September",36,8,28,0,4.5,3.5,1,0,"Low Contamination"
"333",2012,"FP","October",77,24,53,0,9.625,6.625,3,0,"Low Contamination"
"335",2012,"GC","May",7,4,3,0,0.875,0.375,0.5,0,"Low Contamination"
"336",2012,"GC","June",1,0,1,0,0.125,0.125,0,0,"Low Contamination"
"337",2012,"GC","July",5,1,4,0,0.625,0.5,0.125,0,"Low Contamination"
"338",2012,"GC","August",3,1,2,0,0.6,0.4,0.2,0,"Low Contamination"
"339",2012,"GC","September",4,0,4,0,0.5,0.5,0,0,"Low Contamination"
"340",2012,"GC","October",13,2,11,0,1.625,1.375,0.25,0,"Low Contamination"
"342",2012,"LS","May",26,7,19,0,3.25,2.375,0.875,0,"Low Contamination"
"343",2012,"LS","June",14,4,10,0,2,1.42857142857143,0.571428571428571,0,"Low Contamination"
"344",2012,"LS","July",23,9,14,0,3.28571428571429,2,1.28571428571429,0,"Low Contamination"
"345",2012,"LS","August",22,6,16,0,2.75,2,0.75,0,"Low Contamination"
"346",2012,"LS","September",44,11,33,0,5.5,4.125,1.375,0,"Low Contamination"
"347",2012,"LS","October",48,6,42,0,6,5.25,0.75,0,"Low Contamination"
"349",2012,"P27","May",44,4,11,0,7.33333333333333,1.83333333333333,0.666666666666667,0,"High Contamination"
"350",2012,"P27","June",7,5,2,0,0.875,0.25,0.625,0,"High Contamination"
"351",2012,"P27","July",25,12,13,0,3.57142857142857,1.85714285714286,1.71428571428571,0,"High Contamination"
"352",2012,"P27","August",107,36,68,3,15.2857142857143,9.71428571428571,5.14285714285714,0.428571428571429,"High Contamination"
"353",2012,"P27","September",117,35,82,0,14.625,10.25,4.375,0,"High Contamination"
"354",2012,"P27","October",39,14,25,0,4.875,3.125,1.75,0,"High Contamination"
"356",2012,"SI","May",26,15,33,0,3.25,4.125,1.875,0,"High Contamination"
"357",2012,"SI","June",44,18,26,0,5.5,3.25,2.25,0,"High Contamination"
"358",2012,"SI","July",33,10,23,0,4.125,2.875,1.25,0,"High Contamination"
"359",2012,"SI","August",18,8,9,1,2.25,1.125,1,0.125,"High Contamination"
"360",2012,"SI","September",1,1,0,0,0.125,0,0.125,0,"High Contamination"
"361",2012,"SI","October",7,2,5,0,0.875,0.625,0.25,0,"High Contamination"
"362",2013,"DC","May",5,0,5,0,0.625,0.625,0,0,"Low Contamination"
"363",2013,"DC","June",22,12,10,0,2.75,1.25,1.5,0,"Low Contamination"
"364",2013,"DC","July",17,6,11,0,2.42857142857143,1.57142857142857,0.857142857142857,0,"Low Contamination"
"365",2013,"DC","August",12,8,4,0,1.5,0.5,1,0,"Low Contamination"
"366",2013,"DC","September",19,7,12,0,2.375,1.5,0.875,0,"Low Contamination"
"367",2013,"DC","October",49,17,32,0,6.125,4,2.125,0,"Low Contamination"
"368",2013,"FP","May",15,6,9,0,1.875,1.125,0.75,0,"Low Contamination"
"369",2013,"FP","June",23,7,16,0,3.28571428571429,2.28571428571429,1,0,"Low Contamination"
"370",2013,"FP","July",30,15,15,0,3.75,1.875,1.875,0,"Low Contamination"
"371",2013,"FP","August",38,10,28,0,5.42857142857143,4,1.42857142857143,0,"Low Contamination"
"372",2013,"FP","September",33,10,23,0,4.125,2.875,1.25,0,"Low Contamination"
"373",2013,"FP","October",36,15,21,0,5.14285714285714,3,2.14285714285714,0,"Low Contamination"
"374",2013,"GC","May",0,0,0,0,0,0,0,0,"Low Contamination"
"375",2013,"GC","June",2,0,2,0,0.25,0.25,0,0,"Low Contamination"
"376",2013,"GC","July",0,0,0,0,0,0,0,0,"Low Contamination"
"377",2013,"GC","August",11,6,5,0,1.375,0.625,0.75,0,"Low Contamination"
"378",2013,"GC","September",12,4,8,0,1.5,1,0.5,0,"Low Contamination"
"379",2013,"GC","October",11,1,9,1,1.57142857142857,1.28571428571429,0.142857142857143,0.142857142857143,"Low Contamination"
"380",2013,"LS","May",28,9,19,0,3.5,2.375,1.125,0,"Low Contamination"
"381",2013,"LS","June",24,6,18,0,3,2.25,0.75,0,"Low Contamination"
"382",2013,"LS","July",31,11,20,0,3.875,2.5,1.375,0,"Low Contamination"
"383",2013,"LS","August",48,15,33,0,6.85714285714286,4.71428571428571,2.14285714285714,0,"Low Contamination"
"384",2013,"LS","September",27,4,23,0,3.85714285714286,3.28571428571429,0.571428571428571,0,"Low Contamination"
"385",2013,"LS","October",26,13,13,0,3.25,1.625,1.625,0,"Low Contamination"
"386",2013,"P27","May",4,1,3,0,0.666666666666667,0.5,0.166666666666667,0,"High Contamination"
"387",2013,"P27","June",12,7,5,0,1.71428571428571,0.714285714285714,1,0,"High Contamination"
"388",2013,"P27","July",49,26,23,0,6.125,2.875,3.25,0,"High Contamination"
"389",2013,"P27","August",45,18,27,0,5.625,3.375,2.25,0,"High Contamination"
"390",2013,"P27","September",26,14,11,1,3.25,1.375,1.75,0.125,"High Contamination"
"391",2013,"P27","October",49,13,36,0,6.125,4.5,1.625,0,"High Contamination"
"392",2013,"SI","May",35,10,25,0,4.375,3.125,1.25,0,"High Contamination"
"393",2013,"SI","June",35,12,23,0,4.375,2.875,1.5,0,"High Contamination"
"394",2013,"SI","July",74,23,51,0,9.25,6.375,2.875,0,"High Contamination"
"395",2013,"SI","August",15,5,10,0,2.14285714285714,1.42857142857143,0.714285714285714,0,"High Contamination"
"396",2013,"SI","September",6,1,5,0,0.75,0.625,0.125,0,"High Contamination"
"397",2013,"SI","October",15,9,6,0,2.14285714285714,0.857142857142857,1.28571428571429,0,"High Contamination"
"399",2014,"DC","May",13,4,7,2,1.625,0.875,0.5,0.25,"Low Contamination"
"400",2014,"DC","June",18,12,6,0,2.25,0.75,1.5,0,"Low Contamination"
"401",2014,"DC","July",13,11,2,0,1.18181818181818,0.181818181818182,1,0,"Low Contamination"
"402",2014,"DC","August",33,18,15,0,4.125,1.875,2.25,0,"Low Contamination"
"403",2014,"DC","September",7,2,5,0,1.75,1.25,0.5,0,"Low Contamination"
"404",2014,"DC","October",26,13,13,0,2.16666666666667,1.08333333333333,1.08333333333333,0,"Low Contamination"
"405",2014,"FP","May",9,0,9,0,1.125,1.125,0,0,"Low Contamination"
"406",2014,"FP","June",5,1,3,1,0.625,0.375,0.125,0.125,"Low Contamination"
"407",2014,"FP","July",8,1,6,1,0.727272727272727,0.545454545454545,0.0909090909090909,0.0909090909090909,"Low Contamination"
"408",2014,"FP","August",7,4,3,0,0.875,0.375,0.5,0,"Low Contamination"
"409",2014,"FP","September",22,10,12,0,5.5,3,2.5,0,"Low Contamination"
"410",2014,"FP","October",3,0,2,1,0.375,0.25,0,0.125,"Low Contamination"
"412",2014,"GC","May",4,2,2,0,0.5,0.25,0.25,0,"Low Contamination"
"413",2014,"GC","June",3,1,2,0,0.375,0.25,0.125,0,"Low Contamination"
"414",2014,"GC","July",1,0,1,0,0.0833333333333333,0.0833333333333333,0,0,"Low Contamination"
"415",2014,"GC","August",7,4,3,0,0.875,0.375,0.5,0,"Low Contamination"
"416",2014,"GC","September",4,1,3,0,1.33333333333333,1,0.333333333333333,0,"Low Contamination"
"417",2014,"GC","October",3,1,2,0,0.25,0.166666666666667,0.0833333333333333,0,"Low Contamination"
"419",2014,"LS","May",16,4,12,0,2,1.5,0.5,0,"Low Contamination"
"420",2014,"LS","June",53,21,31,1,6.625,3.875,2.625,0.125,"Low Contamination"
"421",2014,"LS","July",29,12,17,0,3.22222222222222,1.88888888888889,1.33333333333333,0,"Low Contamination"
"422",2014,"LS","August",11,3,8,0,1.57142857142857,1.14285714285714,0.428571428571429,0,"Low Contamination"
"423",2014,"LS","September",3,1,2,0,1,0.666666666666667,0.333333333333333,0,"Low Contamination"
"424",2014,"LS","October",10,4,6,0,1.25,0.75,0.5,0,"Low Contamination"
"425",2014,"P27","May",3,0,3,0,0.375,0.375,0,0,"High Contamination"
"426",2014,"P27","June",4,2,2,0,0.571428571428571,0.285714285714286,0.285714285714286,0,"High Contamination"
"427",2014,"P27","July",24,16,8,0,2,0.666666666666667,1.33333333333333,0,"High Contamination"
"428",2014,"P27","August",8,5,3,0,1,0.375,0.625,0,"High Contamination"
"429",2014,"P27","September",35,14,21,0,8.75,5.25,3.5,0,"High Contamination"
"430",2014,"P27","October",13,3,10,0,1.44444444444444,1.11111111111111,0.333333333333333,0,"High Contamination"
"432",2014,"SI","May",2,1,1,0,0.25,0.125,0.125,0,"High Contamination"
"433",2014,"SI","June",35,15,20,0,4.375,2.5,1.875,0,"High Contamination"
"434",2014,"SI","July",45,14,31,0,3.75,2.58333333333333,1.16666666666667,0,"High Contamination"
"435",2014,"SI","August",27,11,16,0,3.375,2,1.375,0,"High Contamination"
"436",2014,"SI","September",13,3,10,0,3.25,2.5,0.75,0,"High Contamination"
"437",2014,"SI","October",51,25,26,0,4.25,2.16666666666667,2.08333333333333,0,"High Contamination"
"439",2015,"DC","May",2,0,2,0,0.25,0.25,0,0,"Low Contamination"
"440",2015,"DC","June",6,3,2,1,0.75,0.25,0.375,0.125,"Low Contamination"
"441",2015,"DC","July",23,11,12,0,2.875,1.5,1.375,0,"Low Contamination"
"442",2015,"DC","August",11,7,4,0,1.375,0.5,0.875,0,"Low Contamination"
"443",2015,"DC","September",9,4,3,2,0.818181818181818,0.272727272727273,0.363636363636364,0.181818181818182,"Low Contamination"
"444",2015,"DC","October",3,2,1,0,0.75,0.25,0.5,0,"Low Contamination"
"447",2015,"FP","May",2,0,2,0,0.25,0.25,0,0,"Low Contamination"
"448",2015,"FP","June",1,0,1,0,0.25,0.25,0,0,"Low Contamination"
"449",2015,"FP","July",3,2,1,0,0.75,0.25,0.5,0,"Low Contamination"
"450",2015,"FP","August",24,8,14,2,3,1.75,1,0.25,"Low Contamination"
"451",2015,"FP","September",31,22,8,1,2.58333333333333,0.666666666666667,1.83333333333333,0.0833333333333333,"Low Contamination"
"454",2015,"GC","May",0,0,0,0,0,0,0,0,"Low Contamination"
"455",2015,"GC","June",11,4,7,0,1.375,0.875,0.5,0,"Low Contamination"
"456",2015,"GC","July",6,5,1,0,0.75,0.125,0.625,0,"Low Contamination"
"457",2015,"GC","August",3,2,1,0,0.375,0.125,0.25,0,"Low Contamination"
"458",2015,"GC","September",3,2,1,0,0.25,0.0833333333333333,0.166666666666667,0,"Low Contamination"
"459",2015,"GC","October",0,0,0,0,0,0,0,0,"Low Contamination"
"462",2015,"LS","May",15,5,10,0,1.875,1.25,0.625,0,"Low Contamination"
"463",2015,"LS","June",40,16,24,0,5,3,2,0,"Low Contamination"
"464",2015,"LS","July",6,4,1,1,0.75,0.125,0.5,0.125,"Low Contamination"
"465",2015,"LS","August",34,7,26,1,4.25,3.25,0.875,0.125,"Low Contamination"
"466",2015,"LS","September",40,23,16,1,3.33333333333333,1.33333333333333,1.91666666666667,0.0833333333333333,"Low Contamination"
"467",2015,"LS","October",4,1,1,2,4,1,1,2,"Low Contamination"
"470",2015,"P27","May",2,1,1,0,0.25,0.125,0.125,0,"High Contamination"
"471",2015,"P27","June",3,2,1,0,0.75,0.25,0.5,0,"High Contamination"
"472",2015,"P27","July",15,6,9,0,3.75,2.25,1.5,0,"High Contamination"
"473",2015,"P27","August",76,30,45,1,9.5,5.625,3.75,0.125,"High Contamination"
"474",2015,"P27","September",106,51,55,0,8.83333333333333,4.58333333333333,4.25,0,"High Contamination"
"475",2015,"P27","October",2,2,0,0,0.5,0,0.5,0,"High Contamination"
"478",2015,"SI","May",5,1,2,2,0.625,0.25,0.125,0.25,"High Contamination"
"479",2015,"SI","June",14,5,9,0,1.75,1.125,0.625,0,"High Contamination"
"480",2015,"SI","July",35,17,18,0,4.375,2.25,2.125,0,"High Contamination"
"481",2015,"SI","August",12,5,7,0,1.71428571428571,1,0.714285714285714,0,"High Contamination"
"482",2015,"SI","September",15,8,7,0,1.25,0.583333333333333,0.666666666666667,0,"High Contamination"
"483",2015,"SI","October",2,0,2,0,0.5,0.5,0,0,"High Contamination"
"485",2016,"DC","May",10,4,6,0,1.25,0.75,0.5,0,"Low Contamination"
"486",2016,"DC","June",21,9,12,0,2.625,1.5,1.125,0,"Low Contamination"
"487",2016,"DC","July",14,7,7,0,4.66666666666667,2.33333333333333,2.33333333333333,0,"Low Contamination"
"488",2016,"DC","August",22,10,12,0,2.75,1.5,1.25,0,"Low Contamination"
"489",2016,"DC","September",2,0,2,0,0.285714285714286,0.285714285714286,0,0,"Low Contamination"
"490",2016,"DC","October",4,0,4,0,1,1,0,0,"Low Contamination"
"492",2016,"FP","May",41,15,26,0,5.125,3.25,1.875,0,"Low Contamination"
"493",2016,"FP","June",49,21,28,0,6.125,3.5,2.625,0,"Low Contamination"
"494",2016,"FP","July",7,3,4,0,0.875,0.5,0.375,0,"Low Contamination"
"495",2016,"FP","August",22,11,11,0,2.75,1.375,1.375,0,"Low Contamination"
"496",2016,"FP","September",11,6,5,0,1.57142857142857,0.714285714285714,0.857142857142857,0,"Low Contamination"
"497",2016,"FP","October",12,2,10,0,3,2.5,0.5,0,"Low Contamination"
"499",2016,"GC","May",2,0,2,0,0.25,0.25,0,0,"Low Contamination"
"500",2016,"GC","June",9,4,5,0,1.125,0.625,0.5,0,"Low Contamination"
"501",2016,"GC","July",5,0,5,0,0.625,0.625,0,0,"Low Contamination"
"502",2016,"GC","August",3,0,2,1,0.375,0.25,0,0.125,"Low Contamination"
"503",2016,"GC","September",6,1,5,0,0.75,0.625,0.125,0,"Low Contamination"
"504",2016,"GC","October",0,0,0,0,0,0,0,0,"Low Contamination"
"506",2016,"LS","May",36,17,19,0,4.5,2.375,2.125,0,"Low Contamination"
"507",2016,"LS","June",31,12,19,0,3.875,2.375,1.5,0,"Low Contamination"
"508",2016,"LS","July",33,15,18,0,4.125,2.25,1.875,0,"Low Contamination"
"509",2016,"LS","August",38,13,24,1,5.42857142857143,3.42857142857143,1.85714285714286,0.142857142857143,"Low Contamination"
"510",2016,"LS","September",30,11,19,0,3.75,2.375,1.375,0,"Low Contamination"
"511",2016,"LS","October",40,23,17,0,10,4.25,5.75,0,"Low Contamination"
"513",2016,"P27","May",25,9,16,0,3.57142857142857,2.28571428571429,1.28571428571429,0,"High Contamination"
"514",2016,"P27","June",21,6,15,0,2.625,1.875,0.75,0,"High Contamination"
"515",2016,"P27","July",33,14,19,0,4.125,2.375,1.75,0,"High Contamination"
"516",2016,"P27","August",52,20,32,0,6.5,4,2.5,0,"High Contamination"
"517",2016,"P27","September",28,14,13,1,4,1.85714285714286,2,0.142857142857143,"High Contamination"
"519",2016,"SI","May",13,7,6,0,1.625,0.75,0.875,0,"High Contamination"
"520",2016,"SI","June",37,10,27,0,4.625,3.375,1.25,0,"High Contamination"
"521",2016,"SI","July",15,2,13,0,1.875,1.625,0.25,0,"High Contamination"
"522",2016,"SI","August",19,6,13,0,2.375,1.625,0.75,0,"High Contamination"
"523",2016,"SI","September",6,3,3,0,0.857142857142857,0.428571428571429,0.428571428571429,0,"High Contamination"
"524",2016,"SI","October",8,5,3,0,2,0.75,1.25,0,"High Contamination"
"527",2017,"DC","August",7,2,5,0,1.75,1.25,0.5,0,"Low Contamination"
"528",2017,"DC","September",13,3,9,1,1.625,1.125,0.375,0.125,"Low Contamination"
"529",2017,"DC","October",41,21,20,0,5.125,2.5,2.625,0,"Low Contamination"
"530",2017,"FP","May",29,13,16,0,3.22222222222222,1.77777777777778,1.44444444444444,0,"Low Contamination"
"531",2017,"FP","June",3,1,2,0,0.6,0.4,0.2,0,"Low Contamination"
"532",2017,"FP","July",35,18,17,0,4.375,2.125,2.25,0,"Low Contamination"
"533",2017,"FP","August",19,5,14,0,2.375,1.75,0.625,0,"Low Contamination"
"534",2017,"FP","September",23,8,15,0,2.875,1.875,1,0,"Low Contamination"
"535",2017,"FP","October",30,12,18,0,4.28571428571429,2.57142857142857,1.71428571428571,0,"Low Contamination"
"537",2017,"GC","May",5,2,3,0,0.454545454545455,0.272727272727273,0.181818181818182,0,"Low Contamination"
"538",2017,"GC","June",10,4,6,0,1.25,0.75,0.5,0,"Low Contamination"
"539",2017,"GC","July",9,3,6,0,1.125,0.75,0.375,0,"Low Contamination"
"540",2017,"GC","August",6,2,3,1,0.857142857142857,0.428571428571429,0.285714285714286,0.142857142857143,"Low Contamination"
"541",2017,"GC","September",1,0,1,0,0.125,0.125,0,0,"Low Contamination"
"542",2017,"GC","October",3,1,2,0,0.375,0.25,0.125,0,"Low Contamination"
"544",2017,"LS","May",59,25,33,1,4.91666666666667,2.75,2.08333333333333,0.0833333333333333,"Low Contamination"
"545",2017,"LS","June",27,12,14,1,3.375,1.75,1.5,0.125,"Low Contamination"
"546",2017,"LS","July",35,19,16,0,5,2.28571428571429,2.71428571428571,0,"Low Contamination"
"547",2017,"LS","August",22,10,12,0,2.75,1.5,1.25,0,"Low Contamination"
"548",2017,"LS","September",17,9,8,0,2.125,1,1.125,0,"Low Contamination"
"549",2017,"LS","October",21,12,8,1,3,1.14285714285714,1.71428571428571,0.142857142857143,"Low Contamination"
"550",2017,"P27","May",8,3,5,0,0.666666666666667,0.416666666666667,0.25,0,"High Contamination"
"551",2017,"P27","June",15,6,9,0,3,1.8,1.2,0,"High Contamination"
"552",2017,"P27","July",47,22,25,0,6.71428571428571,3.57142857142857,3.14285714285714,0,"High Contamination"
"553",2017,"P27","August",73,32,41,0,9.125,5.125,4,0,"High Contamination"
"554",2017,"P27","September",33,20,13,0,4.125,1.625,2.5,0,"High Contamination"
"555",2017,"P27","October",8,4,4,0,1.14285714285714,0.571428571428571,0.571428571428571,0,"High Contamination"
"557",2017,"SI","May",24,9,15,0,2,1.25,0.75,0,"High Contamination"
"558",2017,"SI","June",17,8,9,0,2.125,1.125,1,0,"High Contamination"
"559",2017,"SI","July",37,22,15,0,4.625,1.875,2.75,0,"High Contamination"
"560",2017,"SI","August",4,2,2,0,0.5,0.25,0.25,0,"High Contamination"
"561",2017,"SI","September",19,12,7,0,2.375,0.875,1.5,0,"High Contamination"
"562",2017,"SI","October",23,15,8,0,3.28571428571429,1.14285714285714,2.14285714285714,0,"High Contamination"
"564",2018,"DC","May",2,2,0,0,0.25,0,0.25,0,"Low Contamination"
"565",2018,"DC","June",6,3,2,1,0.5,0.166666666666667,0.25,0.0833333333333333,"Low Contamination"
"566",2018,"DC","July",26,12,14,0,3.25,1.75,1.5,0,"Low Contamination"
"567",2018,"DC","August",6,3,3,0,0.75,0.375,0.375,0,"Low Contamination"
"568",2018,"DC","September",3,2,0,1,0.375,0,0.25,0.125,"Low Contamination"
"569",2018,"DC","October",23,8,15,0,2.09090909090909,1.36363636363636,0.727272727272727,0,"Low Contamination"
"571",2018,"FP","May",2,0,2,0,0.25,0.25,0,0,"Low Contamination"
"572",2018,"FP","June",18,8,10,0,1.5,0.833333333333333,0.666666666666667,0,"Low Contamination"
"573",2018,"FP","July",31,18,13,0,3.875,1.625,2.25,0,"Low Contamination"
"574",2018,"FP","August",29,14,15,0,3.625,1.875,1.75,0,"Low Contamination"
"575",2018,"FP","September",22,5,17,0,2.75,2.125,0.625,0,"Low Contamination"
"576",2018,"FP","October",20,7,13,0,1.81818181818182,1.18181818181818,0.636363636363636,0,"Low Contamination"
"578",2018,"GC","May",1,0,1,0,0.125,0.125,0,0,"Low Contamination"
"579",2018,"GC","June",1,1,0,0,0.0833333333333333,0,0.0833333333333333,0,"Low Contamination"
"580",2018,"GC","July",1,1,0,0,0.142857142857143,0,0.142857142857143,0,"Low Contamination"
"581",2018,"GC","August",4,2,0,2,0.5,0,0.25,0.25,"Low Contamination"
"582",2018,"GC","September",2,0,1,1,0.25,0.125,0,0.125,"Low Contamination"
"583",2018,"GC","October",3,1,2,0,0.25,0.166666666666667,0.0833333333333333,0,"Low Contamination"
"585",2018,"LS","May",6,2,4,0,0.75,0.5,0.25,0,"Low Contamination"
"586",2018,"LS","June",26,13,12,1,2.16666666666667,1,1.08333333333333,0.0833333333333333,"Low Contamination"
"587",2018,"LS","July",21,11,10,0,2.625,1.25,1.375,0,"Low Contamination"
"588",2018,"LS","August",16,8,8,0,2,1,1,0,"Low Contamination"
"589",2018,"LS","September",15,8,7,0,1.875,0.875,1,0,"Low Contamination"
"590",2018,"LS","October",21,11,10,0,1.75,0.833333333333333,0.916666666666667,0,"Low Contamination"
"592",2018,"P27","May",6,2,4,0,0.75,0.5,0.25,0,"High Contamination"
"593",2018,"P27","June",8,5,3,0,0.666666666666667,0.25,0.416666666666667,0,"High Contamination"
"594",2018,"P27","July",16,8,8,0,2,1,1,0,"High Contamination"
"595",2018,"P27","August",6,4,2,0,0.857142857142857,0.285714285714286,0.571428571428571,0,"High Contamination"
"596",2018,"P27","September",30,15,15,0,3.75,1.875,1.875,0,"High Contamination"
"597",2018,"P27","October",4,2,2,0,1,0.5,0.5,0,"High Contamination"
"599",2018,"SI","May",12,7,5,0,1.5,0.625,0.875,0,"High Contamination"
"600",2018,"SI","June",33,18,15,0,2.75,1.25,1.5,0,"High Contamination"
"601",2018,"SI","July",36,17,19,0,4.5,2.375,2.125,0,"High Contamination"
"602",2018,"SI","August",12,6,6,0,1.5,0.75,0.75,0,"High Contamination"
"603",2018,"SI","September",2,0,2,0,0.5,0.5,0,0,"High Contamination"
"604",2018,"SI","October",7,5,2,0,0.583333333333333,0.166666666666667,0.416666666666667,0,"High Contamination"
"605",2019,"DC","May",4,1,3,0,0.5,0.375,0.125,0,"Low Contamination"
"606",2019,"DC","July",32,17,15,0,4,1.875,2.125,0,"Low Contamination"
"607",2019,"DC","August",48,16,32,0,6,4,2,0,"Low Contamination"
"608",2019,"DC","September",49,21,28,0,6.125,3.5,2.625,0,"Low Contamination"
"609",2019,"DC","October",17,10,7,0,4.25,1.75,2.5,0,"Low Contamination"
"611",2019,"FP","May",2,2,0,0,0.25,0,0.25,0,"Low Contamination"
"612",2019,"FP","June",24,8,16,0,3.42857142857143,2.28571428571429,1.14285714285714,0,"Low Contamination"
"613",2019,"FP","July",36,19,16,1,3.6,1.6,1.9,0.1,"Low Contamination"
"614",2019,"FP","August",23,9,14,0,2.875,1.75,1.125,0,"Low Contamination"
"615",2019,"FP","September",33,16,17,0,4.125,2.125,2,0,"Low Contamination"
"616",2019,"FP","October",25,8,17,0,6.25,4.25,2,0,"Low Contamination"
"618",2019,"GC","May",4,1,3,0,0.5,0.375,0.125,0,"Low Contamination"
"619",2019,"GC","July",2,1,1,0,0.25,0.125,0.125,0,"Low Contamination"
"620",2019,"GC","August",5,2,3,0,0.625,0.375,0.25,0,"Low Contamination"
"621",2019,"GC","September",43,10,33,0,5.375,4.125,1.25,0,"Low Contamination"
"622",2019,"GC","October",1,0,1,0,0.25,0.25,0,0,"Low Contamination"
"624",2019,"LS","May",13,6,7,0,1.625,0.875,0.75,0,"Low Contamination"
"625",2019,"LS","June",22,6,16,0,2.75,2,0.75,0,"Low Contamination"
"626",2019,"LS","July",33,11,20,2,2.75,1.66666666666667,0.916666666666667,0.166666666666667,"Low Contamination"
"627",2019,"LS","August",43,15,28,0,5.375,3.5,1.875,0,"Low Contamination"
"628",2019,"LS","September",32,12,20,0,4,2.5,1.5,0,"Low Contamination"
"629",2019,"LS","October",9,1,8,0,2.25,2,0.25,0,"Low Contamination"
"631",2019,"P27","May",6,3,3,0,0.75,0.375,0.375,0,"High Contamination"
"632",2019,"P27","June",23,11,12,0,3.28571428571429,1.71428571428571,1.57142857142857,0,"High Contamination"
"633",2019,"P27","July",135,80,55,0,13.5,5.5,8,0,"High Contamination"
"634",2019,"P27","August",32,10,22,0,4.57142857142857,3.14285714285714,1.42857142857143,0,"High Contamination"
"635",2019,"P27","September",11,4,7,0,1.83333333333333,1.16666666666667,0.666666666666667,0,"High Contamination"
"636",2019,"P27","October",5,1,4,0,1.25,1,0.25,0,"High Contamination"
"638",2019,"SI","May",4,3,1,0,0.5,0.125,0.375,0,"High Contamination"
"639",2019,"SI","June",12,3,9,0,1.5,1.125,0.375,0,"High Contamination"
"640",2019,"SI","July",37,12,25,0,3.08333333333333,2.08333333333333,1,0,"High Contamination"
"641",2019,"SI","August",13,10,3,0,1.625,0.375,1.25,0,"High Contamination"
"642",2019,"SI","September",19,7,12,0,2.375,1.5,0.875,0,"High Contamination"
"643",2019,"SI","October",11,8,3,0,2.75,0.75,2,0,"High Contamination"
"645",2020,"DC","June",73,29,43,1,6.08333333333333,3.58333333333333,2.41666666666667,0.0833333333333333,"Low Contamination"
"646",2020,"DC","July",58,20,32,6,8.28571428571429,4.57142857142857,2.85714285714286,0.857142857142857,"Low Contamination"
"647",2020,"DC","August",64,22,41,1,8,5.125,2.75,0.125,"Low Contamination"
"648",2020,"DC","September",25,5,19,1,3.125,2.375,0.625,0.125,"Low Contamination"
"649",2020,"DC","October",14,2,12,0,1.75,1.5,0.25,0,"Low Contamination"
"650",2020,"FP","May",2,1,1,0,0.5,0.25,0.25,0,"Low Contamination"
"651",2020,"FP","June",30,15,14,1,2.5,1.16666666666667,1.25,0.0833333333333333,"Low Contamination"
"652",2020,"FP","July",9,6,3,0,1.28571428571429,0.428571428571429,0.857142857142857,0,"Low Contamination"
"653",2020,"FP","August",15,5,9,1,1.875,1.125,0.625,0.125,"Low Contamination"
"654",2020,"FP","September",12,7,5,0,1.5,0.625,0.875,0,"Low Contamination"
"655",2020,"FP","October",18,7,11,0,2.25,1.375,0.875,0,"Low Contamination"
"656",2020,"GC","May",2,2,0,0,0.5,0,0.5,0,"Low Contamination"
"657",2020,"GC","June",20,7,11,2,1.81818181818182,1,0.636363636363636,0.181818181818182,"Low Contamination"
"658",2020,"GC","July",7,2,5,0,0.875,0.625,0.25,0,"Low Contamination"
"659",2020,"GC","August",21,8,12,1,2.625,1.5,1,0.125,"Low Contamination"
"660",2020,"GC","September",36,15,21,0,4.5,2.625,1.875,0,"Low Contamination"
"661",2020,"GC","October",8,1,7,0,1,0.875,0.125,0,"Low Contamination"
"662",2020,"LS","May",5,4,1,0,1.25,0.25,1,0,"Low Contamination"
"663",2020,"LS","June",36,19,12,5,3,1,1.58333333333333,0.416666666666667,"Low Contamination"
"664",2020,"LS","July",19,8,11,0,2.375,1.375,1,0,"Low Contamination"
"665",2020,"LS","August",19,8,11,0,2.375,1.375,1,0,"Low Contamination"
"666",2020,"LS","September",30,7,22,1,3.75,2.75,0.875,0.125,"Low Contamination"
"667",2020,"LS","October",54,20,34,0,7.71428571428571,4.85714285714286,2.85714285714286,0,"Low Contamination"
"668",2020,"P27","May",1,1,0,0,0.25,0,0.25,0,"High Contamination"
"669",2020,"P27","June",14,6,7,1,1.55555555555556,0.777777777777778,0.666666666666667,0.111111111111111,"High Contamination"
"670",2020,"P27","July",6,3,3,0,0.75,0.375,0.375,0,"High Contamination"
"671",2020,"P27","August",23,13,10,0,3.83333333333333,1.66666666666667,2.16666666666667,0,"High Contamination"
"672",2020,"P27","September",6,1,4,1,0.75,0.5,0.125,0.125,"High Contamination"
"673",2020,"P27","October",25,9,16,0,3.125,2,1.125,0,"High Contamination"
"674",2020,"SI","May",2,2,0,0,0.5,0,0.5,0,"High Contamination"
"675",2020,"SI","June",29,13,13,3,2.41666666666667,1.08333333333333,1.08333333333333,0.25,"High Contamination"
"676",2020,"SI","July",33,14,18,1,4.125,2.25,1.75,0.125,"High Contamination"
"677",2020,"SI","August",21,14,7,0,2.625,0.875,1.75,0,"High Contamination"
"678",2020,"SI","September",3,0,3,0,0.375,0.375,0,0,"High Contamination"
"679",2020,"SI","October",10,4,6,0,1.25,0.75,0.5,0,"High Contamination"
"680",2021,"DC","May",24,5,18,1,3,2.25,0.625,0.125,"Low Contamination"
"681",2021,"DC","June",68,30,38,0,5.66666666666667,3.16666666666667,2.5,0,"Low Contamination"
"682",2021,"DC","July",34,12,20,2,4.25,2.5,1.5,0.25,"Low Contamination"
"683",2021,"DC","August",13,3,10,0,1.625,1.25,0.375,0,"Low Contamination"
"684",2021,"DC","September",19,9,10,0,2.375,1.25,1.125,0,"Low Contamination"
"685",2021,"DC","October",44,15,29,0,5.5,3.625,1.875,0,"Low Contamination"
"686",2021,"FP","May",13,2,11,0,1.625,1.375,0.25,0,"Low Contamination"
"687",2021,"FP","June",38,7,30,1,3.16666666666667,2.5,0.583333333333333,0.0833333333333333,"Low Contamination"
"688",2021,"FP","July",19,7,11,1,2.375,1.375,0.875,0.125,"Low Contamination"
"689",2021,"FP","August",29,7,22,0,3.625,2.75,0.875,0,"Low Contamination"
"690",2021,"FP","September",52,18,33,1,6.5,4.125,2.25,0.125,"Low Contamination"
"691",2021,"FP","October",21,9,12,0,2.625,1.5,1.125,0,"Low Contamination"
"692",2021,"GC","May",1,0,0,1,0.125,0,0,0.125,"Low Contamination"
"693",2021,"GC","June",7,3,2,2,0.583333333333333,0.166666666666667,0.25,0.166666666666667,"Low Contamination"
"694",2021,"GC","July",2,0,2,0,0.25,0.25,0,0,"Low Contamination"
"695",2021,"GC","August",2,2,0,0,0.25,0,0.25,0,"Low Contamination"
"696",2021,"GC","September",3,0,3,0,0.375,0.375,0,0,"Low Contamination"
"697",2021,"GC","October",6,4,1,1,0.75,0.125,0.5,0.125,"Low Contamination"
"698",2021,"LS","May",27,6,21,0,3.375,2.625,0.75,0,"Low Contamination"
"699",2021,"LS","June",31,12,19,0,2.81818181818182,1.72727272727273,1.09090909090909,0,"Low Contamination"
"700",2021,"LS","July",23,13,10,0,3.28571428571429,1.42857142857143,1.85714285714286,0,"Low Contamination"
"701",2021,"LS","August",27,9,18,0,3.375,2.25,1.125,0,"Low Contamination"
"702",2021,"LS","September",25,6,19,0,3.125,2.375,0.75,0,"Low Contamination"
"703",2021,"LS","October",27,10,17,0,3.375,2.125,1.25,0,"Low Contamination"
"704",2021,"P27","May",3,1,2,0,0.5,0.333333333333333,0.166666666666667,0,"High Contamination"
"705",2021,"P27","June",1,1,0,0,0.166666666666667,0,0.166666666666667,0,"High Contamination"
"706",2021,"P27","July",10,8,2,0,1.42857142857143,0.285714285714286,1.14285714285714,0,"High Contamination"
"707",2021,"P27","August",10,7,3,0,1.42857142857143,0.428571428571429,1,0,"High Contamination"
"708",2021,"P27","September",18,7,11,0,2.25,1.375,0.875,0,"High Contamination"
"709",2021,"P27","October",23,11,12,0,5.75,3,2.75,0,"High Contamination"
"710",2021,"SI","May",33,7,26,0,4.125,3.25,0.875,0,"High Contamination"
"711",2021,"SI","June",55,12,42,1,4.58333333333333,3.5,1,0.0833333333333333,"High Contamination"
"712",2021,"SI","July",48,23,23,2,6,2.875,2.875,0.25,"High Contamination"
"713",2021,"SI","August",16,7,9,0,2,1.125,0.875,0,"High Contamination"
"714",2021,"SI","September",7,1,6,0,0.875,0.75,0.125,0,"High Contamination"
"715",2021,"SI","October",5,3,2,0,0.625,0.25,0.375,0,"High Contamination"
"716",2022,"DC","May",18,11,7,0,2.25,0.875,1.375,0,"Low Contamination"
"717",2022,"DC","June",62,43,19,0,5.16666666666667,1.58333333333333,3.58333333333333,0,"Low Contamination"
"718",2022,"DC","July",12,6,6,0,1.71428571428571,0.857142857142857,0.857142857142857,0,"Low Contamination"
"719",2022,"DC","August",38,8,30,0,4.75,3.75,1,0,"Low Contamination"
"720",2022,"DC","September",6,2,4,0,0.75,0.5,0.25,0,"Low Contamination"
"721",2022,"DC","October",3,1,2,0,0.75,0.5,0.25,0,"Low Contamination"
"722",2022,"FP","May",4,4,0,0,0.5,0,0.5,0,"Low Contamination"
"723",2022,"FP","June",43,33,10,0,3.58333333333333,0.833333333333333,2.75,0,"Low Contamination"
"724",2022,"FP","July",31,17,14,0,3.875,1.75,2.125,0,"Low Contamination"
"725",2022,"FP","August",33,15,18,0,4.125,2.25,1.875,0,"Low Contamination"
"726",2022,"FP","September",30,12,18,0,3.75,2.25,1.5,0,"Low Contamination"
"727",2022,"FP","October",23,9,14,0,5.75,3.5,2.25,0,"Low Contamination"
"728",2022,"GC","May",4,3,1,0,0.5,0.125,0.375,0,"Low Contamination"
"729",2022,"GC","June",8,6,2,0,0.666666666666667,0.166666666666667,0.5,0,"Low Contamination"
"730",2022,"GC","July",5,4,0,1,0.625,0,0.5,0.125,"Low Contamination"
"731",2022,"GC","August",2,0,2,0,0.25,0.25,0,0,"Low Contamination"
"732",2022,"GC","September",1,0,1,0,0.125,0.125,0,0,"Low Contamination"
"733",2022,"GC","October",0,0,0,0,0,0,0,0,"Low Contamination"
"734",2022,"LS","May",3,2,1,0,0.428571428571429,0.142857142857143,0.285714285714286,0,"Low Contamination"
"735",2022,"LS","June",53,42,11,0,4.41666666666667,0.916666666666667,3.5,0,"Low Contamination"
"736",2022,"LS","July",53,44,9,0,6.625,1.125,5.5,0,"Low Contamination"
"737",2022,"LS","August",36,4,32,0,4.5,4,0.5,0,"Low Contamination"
"738",2022,"LS","September",18,3,15,0,2.25,1.875,0.375,0,"Low Contamination"
"739",2022,"LS","October",26,6,20,0,6.5,5,1.5,0,"Low Contamination"
"740",2022,"P27","May",12,11,1,0,1.5,0.125,1.375,0,"High Contamination"
"741",2022,"P27","June",17,11,6,0,1.41666666666667,0.5,0.916666666666667,0,"High Contamination"
"742",2022,"P27","July",18,12,6,0,2.25,0.75,1.5,0,"High Contamination"
"743",2022,"P27","August",29,13,16,0,3.625,2,1.625,0,"High Contamination"
"744",2022,"P27","September",34,16,18,0,6.8,3.6,3.2,0,"High Contamination"
"745",2022,"P27","October",33,12,21,0,8.25,5.25,3,0,"High Contamination"
"746",2022,"SI","May",5,5,0,0,0.625,0,0.625,0,"High Contamination"
"747",2022,"SI","June",35,15,20,0,2.91666666666667,1.66666666666667,1.25,0,"High Contamination"
"748",2022,"SI","July",69,47,22,0,8.625,2.75,5.875,0,"High Contamination"
"749",2022,"SI","August",17,12,5,0,2.125,0.625,1.5,0,"High Contamination"
"750",2022,"SI","September",8,4,4,0,1,0.5,0.5,0,"High Contamination"
"751",2022,"SI","October",1,1,0,0,0.25,0,0.25,0,"High Contamination"
